place_id,name,category,proposed_access,booking_mode,admission_type,issues,official_url,source_status,notes
B1,Trellick Tower,BUILDING,APPOINTMENT_ONLY,REQUIRED,UNKNOWN,HOURS_UNCLEAR,https://trellicktower.com/,OK,Confirm opening days and hours from the official source.
B5,Westminster Hall,BUILDING,TIMETABLED,REQUIRED,PAID,HOURS_UNCLEAR,https://tickets.parliament.uk/content/ticket-options,OK,Confirm opening days and hours from the official source.
B12,Michelin House,BUILDING,EXTERIOR_ONLY,OPTIONAL,UNKNOWN,,https://historicengland.org.uk/listing/the-list/list-entry/1080656,OK,
P11,Vauxhall City Farm,PARK,SEASONAL,UNKNOWN,UNKNOWN,BOOKING_UNCLEAR|HOURS_UNCLEAR,https://vauxhallcityfarm.org/,OK,"Confirm whether advance booking is optional, recommended or required. Confirm opening days and hours from the official source."
V6,Oxo Tower,VIEWPOINT,EXTERIOR_ONLY,NONE,UNKNOWN,OTHER,https://oxotowerrestaurant.com/,BLOCKED,The source blocks automated checks; verify it manually.
A14,Shepherd Market,AREA,ALWAYS_ACCESSIBLE,NONE,UNKNOWN,,https://www.shepherdmarket.com/,OK,
B10,Canonbury Tower,BUILDING,EVENT_ONLY,REQUIRED,UNKNOWN,OTHER|HOURS_UNCLEAR,https://islingtonguidedwalks.com/old-walks/canonbury-tower-tours/,BLOCKED,The source blocks automated checks; verify it manually. Confirm opening days and hours from the official source.
LA-E57750BC,Italian Gardens,PARK,SEASONAL,UNKNOWN,UNKNOWN,SOURCE_MISSING|DESCRIPTION_GENERIC|BOOKING_UNCLEAR|HOURS_UNCLEAR,,UNCHECKED,"Find an official or authoritative source URL. Replace generic copy with a concise place-specific description. Confirm whether advance booking is optional, recommended or required. Confirm opening days and hours from the official source."
A3,Kynance Mews,AREA,ALWAYS_ACCESSIBLE,NONE,UNKNOWN,SOURCE_CONFLICT,https://en.wikipedia.org/wiki/Kynance_Mews,UNCHECKED,"The current or redirected link is editorial or third-party evidence, not an official source."
A11,Harrow Village,AREA,ALWAYS_ACCESSIBLE,NONE,UNKNOWN,SOURCE_CONFLICT,https://en.wikipedia.org/wiki/Harrow_on_the_Hill,UNCHECKED,"The current or redirected link is editorial or third-party evidence, not an official source."
B3,St Bartholomew's North Wing,BUILDING,TIMETABLED,OPTIONAL,FREE,HOURS_UNCLEAR,https://bartsnorthwing.org.uk/visit/,OK,Confirm opening days and hours from the official source.
V2,Stave Hill,VIEWPOINT,ALWAYS_ACCESSIBLE,NONE,UNKNOWN,DESCRIPTION_GENERIC,https://www.tcv.org.uk/london/urbanecology/urban-ecology-sites/stave-hill-ecological-park/,OK,Replace generic copy with a concise place-specific description.
V11,Peter Jones & Partners,VIEWPOINT,EXTERIOR_ONLY,NONE,UNKNOWN,,https://www.johnlewis.com/our-shops/peter-jones,OK,
A16,Walthamstow village,AREA,ALWAYS_ACCESSIBLE,NONE,UNKNOWN,,https://v17walthamstow.org/history,OK,
B2,Kenwood House,BUILDING,TIMETABLED,OPTIONAL,FREE,HOURS_UNCLEAR,https://www.english-heritage.org.uk/visit/places/kenwood/,OK,Confirm opening days and hours from the official source.
LA-2D02CF27,Syon House,BUILDING,SEASONAL,RECOMMENDED,PAID,DESCRIPTION_GENERIC|HOURS_UNCLEAR,https://syonpark.co.uk/visitor-information/,OK,Replace generic copy with a concise place-specific description. Confirm opening days and hours from the official source.
B8,Wilton's Music Mall,BUILDING,TIMETABLED,REQUIRED,PAID,HOURS_UNCLEAR,https://wiltons.org.uk/visit-us/find-contact/,OK,Confirm opening days and hours from the official source.
B9,Ham House and Garden,BUILDING,TIMETABLED,NONE,PAID,HOURS_UNCLEAR,https://www.nationaltrust.org.uk/visit/london/ham-house-and-garden,OK,Confirm opening days and hours from the official source.
P7,Morden Hall Park,PARK,SEASONAL,UNKNOWN,UNKNOWN,BOOKING_UNCLEAR|HOURS_UNCLEAR,https://www.nationaltrust.org.uk/visit/london/morden-hall-park,OK,"Confirm whether advance booking is optional, recommended or required. Confirm opening days and hours from the official source."
P2,Chiswick House and Gardens,PARK,SEASONAL,UNKNOWN,UNKNOWN,BOOKING_UNCLEAR|HOURS_UNCLEAR,https://chiswickhouseandgardens.org.uk/,OK,"Confirm whether advance booking is optional, recommended or required. Confirm opening days and hours from the official source."
P12,Clissold Park,PARK,SEASONAL,UNKNOWN,UNKNOWN,LINK_BROKEN|BOOKING_UNCLEAR|HOURS_UNCLEAR,https://hackney.gov.uk/clissold-park,BROKEN,"The source timed out or failed and needs checking. Confirm whether advance booking is optional, recommended or required. Confirm opening days and hours from the official source."
LA-2405DFBC,St Bartholomew the Great,RELIGIOUS,TIMETABLED,UNKNOWN,UNKNOWN,SOURCE_MISSING|DESCRIPTION_GENERIC|BOOKING_UNCLEAR|HOURS_UNCLEAR,,UNCHECKED,"Find an official or authoritative source URL. Replace generic copy with a concise place-specific description. Confirm whether advance booking is optional, recommended or required. Confirm opening days and hours from the official source."
R12,St Stephen Walbrook,RELIGIOUS,TIMETABLED,UNKNOWN,UNKNOWN,BOOKING_UNCLEAR|HOURS_UNCLEAR,https://www.ststephenwalbrook.net/,OK,"Confirm whether advance booking is optional, recommended or required. Confirm opening days and hours from the official source."
V7,One Tree Hill,VIEWPOINT,ALWAYS_ACCESSIBLE,NONE,UNKNOWN,,https://www.royalparks.org.uk/get-in-touch/media-centre/news-press-releases/enhancing-historic-viewpoint-one-tree-hill,OK,
V8,Sawyer's Hill,VIEWPOINT,EXTERIOR_ONLY,NONE,UNKNOWN,,https://www.richmondparklondon.co.uk/walks/bestviewpoints.html,OK,
V9,Harrow Viewpoint,VIEWPOINT,ALWAYS_ACCESSIBLE,NONE,UNKNOWN,SOURCE_CONFLICT,https://www.littleobservationist.com/village-vibes-londons-harrow-hill/,UNCHECKED,"The current or redirected link is editorial or third-party evidence, not an official source."
V12,Ce' la vi rooftop,VIEWPOINT,EXTERIOR_ONLY,NONE,UNKNOWN,,https://ldn.celavi.com/,OK,
B6,Severndroog Castle,BUILDING,TIMETABLED,NONE,PAID,DESCRIPTION_GENERIC|HOURS_UNCLEAR,https://severndroogcastle.org.uk/visit/,OK,Replace generic copy with a concise place-specific description. Confirm opening days and hours from the official source.
P10,Stepney City Farm,PARK,SEASONAL,UNKNOWN,UNKNOWN,BOOKING_UNCLEAR|HOURS_UNCLEAR,https://stepneycityfarm.org/,OK,"Confirm whether advance booking is optional, recommended or required. Confirm opening days and hours from the official source."
A5,Mount Street Gardens,AREA,ALWAYS_ACCESSIBLE,NONE,UNKNOWN,DESCRIPTION_GENERIC,https://naturesacred.org/sacred_place/mount-street-gardens/,OK,Replace generic copy with a concise place-specific description.
A15,Princelet st,AREA,ALWAYS_ACCESSIBLE,NONE,UNKNOWN,,https://www.thespitalfieldstrust.com/,OK,
A2,Coloured Houses,AREA,ALWAYS_ACCESSIBLE,NONE,UNKNOWN,,https://www.hillgatevillage.com/the-facts,OK,
A8,Roupell Street,AREA,ALWAYS_ACCESSIBLE,NONE,UNKNOWN,,https://www.lera.org.uk/,OK,
B11,Boston Manor House,BUILDING,TIMETABLED,NONE,FREE,HOURS_UNCLEAR,https://bostonmanorhouse.org/visit-us/,OK,Confirm opening days and hours from the official source.
P5,The Rookery Gardens,PARK,SEASONAL,UNKNOWN,UNKNOWN,OTHER|DESCRIPTION_GENERIC|BOOKING_UNCLEAR|HOURS_UNCLEAR,https://www.lambeth.gov.uk/parks/rookery-streatham,BLOCKED,"The source blocks automated checks; verify it manually. Replace generic copy with a concise place-specific description. Confirm whether advance booking is optional, recommended or required. Confirm opening days and hours from the official source."
R1,Brompton Cemetery,RELIGIOUS,TIMETABLED,UNKNOWN,UNKNOWN,BOOKING_UNCLEAR|HOURS_UNCLEAR,https://www.royalparks.org.uk/visit/parks/brompton-cemetery,OK,"Confirm whether advance booking is optional, recommended or required. Confirm opening days and hours from the official source."
R8,Nunhead Cemetery,RELIGIOUS,TIMETABLED,UNKNOWN,UNKNOWN,BOOKING_UNCLEAR|HOURS_UNCLEAR,https://www.fonc.org.uk/,REDIRECTED,"Confirm whether advance booking is optional, recommended or required. Confirm opening days and hours from the official source."
V10,Gipsy Hill,VIEWPOINT,ALWAYS_ACCESSIBLE,NONE,UNKNOWN,SOURCE_CONFLICT,https://en.wikipedia.org/wiki/Gipsy_Hill,UNCHECKED,"The current or redirected link is editorial or third-party evidence, not an official source."
V3,King Henry's Mound,VIEWPOINT,EXTERIOR_ONLY,NONE,UNKNOWN,,https://www.royalparks.org.uk/visit/parks/richmond-park/king-henrys-mound,OK,
P3,Isabella Plantation,PARK,SEASONAL,UNKNOWN,UNKNOWN,BOOKING_UNCLEAR|HOURS_UNCLEAR,https://www.royalparks.org.uk/visit/parks/richmond-park/isabella-plantation,OK,"Confirm whether advance booking is optional, recommended or required. Confirm opening days and hours from the official source."
R3,Greek Orthodox Cathedral of the Divine Wisdom,RELIGIOUS,TIMETABLED,UNKNOWN,UNKNOWN,BOOKING_UNCLEAR|HOURS_UNCLEAR,https://www.stsophia.org.uk/,OK,"Confirm whether advance booking is optional, recommended or required. Confirm opening days and hours from the official source."
R4,Buddhapadipa Temple,RELIGIOUS,TIMETABLED,UNKNOWN,UNKNOWN,DESCRIPTION_GENERIC|BOOKING_UNCLEAR|HOURS_UNCLEAR,https://buddhapadipa.com/,OK,"Replace generic copy with a concise place-specific description. Confirm whether advance booking is optional, recommended or required. Confirm opening days and hours from the official source."
A4,Parkland Walk,AREA,ALWAYS_ACCESSIBLE,NONE,UNKNOWN,,https://www.parkland-walk.org.uk/,OK,
A9,Ching Court,AREA,EXTERIOR_ONLY,NONE,UNKNOWN,SOURCE_CONFLICT,https://en.wikipedia.org/wiki/Comyn_Ching_Triangle,UNCHECKED,"The current or redirected link is editorial or third-party evidence, not an official source."
A10,Lamb's Conduit Passage,AREA,ALWAYS_ACCESSIBLE,NONE,UNKNOWN,SOURCE_CONFLICT,https://en.wikipedia.org/wiki/Lamb%27s_Conduit_Street,UNCHECKED,"The current or redirected link is editorial or third-party evidence, not an official source."
A13,Original site of the Globe Theatre,AREA,ALWAYS_ACCESSIBLE,NONE,UNKNOWN,,https://www.shakespearesglobe.com/discover/shakespeares-world/the-globe/,OK,
R6,Ukrainian Catholic Cathedral,RELIGIOUS,TIMETABLED,UNKNOWN,UNKNOWN,BOOKING_UNCLEAR|HOURS_UNCLEAR,https://parish.rcdow.org.uk/ukrainianchurch/about-the-parish/,OK,"Confirm whether advance booking is optional, recommended or required. Confirm opening days and hours from the official source."
S7,Victoria Park Market,SHOPPING,TIMETABLED,UNKNOWN,UNKNOWN,BOOKING_UNCLEAR|HOURS_UNCLEAR,https://victoriaparkmarket.com/,OK,"Confirm whether advance booking is optional, recommended or required. Confirm opening days and hours from the official source."
S5,Walthamstow Market,SHOPPING,TIMETABLED,UNKNOWN,UNKNOWN,SOURCE_CONFLICT|BOOKING_UNCLEAR|HOURS_UNCLEAR,https://en.wikipedia.org/wiki/Walthamstow_Market,UNCHECKED,"The current or redirected link is editorial or third-party evidence, not an official source. Confirm whether advance booking is optional, recommended or required. Confirm opening days and hours from the official source."
S6,Shepherd's Bush Market,SHOPPING,TIMETABLED,UNKNOWN,UNKNOWN,BOOKING_UNCLEAR|HOURS_UNCLEAR,https://shepherdsbushmarket.org/,OK,"Confirm whether advance booking is optional, recommended or required. Confirm opening days and hours from the official source."
LA-36EE3D05,Columbia Road Flower Market,SHOPPING,TIMETABLED,UNKNOWN,UNKNOWN,SOURCE_MISSING|BOOKING_UNCLEAR|HOURS_UNCLEAR,,UNCHECKED,"Find an official or authoritative source URL. Confirm whether advance booking is optional, recommended or required. Confirm opening days and hours from the official source."
LA-85EA8890,Chapel Market,SHOPPING,TIMETABLED,UNKNOWN,UNKNOWN,SOURCE_MISSING|DESCRIPTION_GENERIC|BOOKING_UNCLEAR|HOURS_UNCLEAR,,UNCHECKED,"Find an official or authoritative source URL. Replace generic copy with a concise place-specific description. Confirm whether advance booking is optional, recommended or required. Confirm opening days and hours from the official source."
S2,Japan House,SHOPPING,TIMETABLED,UNKNOWN,UNKNOWN,BOOKING_UNCLEAR,https://www.japanhouselondon.uk/,OK,"Confirm whether advance booking is optional, recommended or required."
B7,London Scottish House,BUILDING,APPOINTMENT_ONLY,REQUIRED,PAID,HOURS_UNCLEAR,https://www.londonscottishhouse.org/museum,OK,Confirm opening days and hours from the official source.
V1,Alexandra Palace,VIEWPOINT,EXTERIOR_ONLY,NONE,UNKNOWN,,https://www.alexandrapalace.com/,OK,
S3,Osterley Bookshop,SHOPPING,TIMETABLED,UNKNOWN,UNKNOWN,SOURCE_CONFLICT|BOOKING_UNCLEAR|HOURS_UNCLEAR,https://www.atlasobscura.com/places/osterley-bookshop,UNCHECKED,"The current or redirected link is editorial or third-party evidence, not an official source. Confirm whether advance booking is optional, recommended or required. Confirm opening days and hours from the official source."
R5,St Pancras Old Church,RELIGIOUS,TIMETABLED,UNKNOWN,UNKNOWN,BOOKING_UNCLEAR|HOURS_UNCLEAR,https://stpancrasoldchurch.posp.co.uk/,OK,"Confirm whether advance booking is optional, recommended or required. Confirm opening days and hours from the official source."
P9,Dalston Eastern Curve Garden,PARK,SEASONAL,UNKNOWN,UNKNOWN,BOOKING_UNCLEAR|HOURS_UNCLEAR,https://dalstongarden.org/,OK,"Confirm whether advance booking is optional, recommended or required. Confirm opening days and hours from the official source."
R2,Kensal Green Cemetery,RELIGIOUS,TIMETABLED,UNKNOWN,UNKNOWN,BOOKING_UNCLEAR|HOURS_UNCLEAR,https://www.kensalgreencemetery.com/,OK,"Confirm whether advance booking is optional, recommended or required. Confirm opening days and hours from the official source."
R10,Lincoln’s Inn Chapel,RELIGIOUS,TIMETABLED,UNKNOWN,UNKNOWN,BOOKING_UNCLEAR|HOURS_UNCLEAR,https://www.lincolnsinn.org.uk/about-us/chapel/,OK,"Confirm whether advance booking is optional, recommended or required. Confirm opening days and hours from the official source."
R11,The King’s Chapel of the Savoy,RELIGIOUS,TIMETABLED,UNKNOWN,UNKNOWN,BOOKING_UNCLEAR|HOURS_UNCLEAR,https://www.royalchapelsavoy.org/,OK,"Confirm whether advance booking is optional, recommended or required. Confirm opening days and hours from the official source."
M7,The Foundling Museum,MUSEUM,TIMETABLED,UNKNOWN,UNKNOWN,BOOKING_UNCLEAR|HOURS_UNCLEAR,https://foundlingmuseum.org.uk/,OK,"Confirm whether advance booking is optional, recommended or required. Confirm opening days and hours from the official source."
S8,Alfies Antique Market,SHOPPING,TIMETABLED,UNKNOWN,UNKNOWN,BOOKING_UNCLEAR|HOURS_UNCLEAR,https://alfiesantiques.com/,OK,"Confirm whether advance booking is optional, recommended or required. Confirm opening days and hours from the official source."
A7,Denmark Street,AREA,ALWAYS_ACCESSIBLE,NONE,UNKNOWN,SOURCE_CONFLICT,https://en.wikipedia.org/wiki/Denmark_Street,UNCHECKED,"The current or redirected link is editorial or third-party evidence, not an official source."
S9,Maison Assouline,SHOPPING,TIMETABLED,UNKNOWN,UNKNOWN,BOOKING_UNCLEAR,https://eu.assouline.com/pages/maison?srsltid=AfmBOopOKjheYdt4fZhk0xICHci_NjG9srnlImSDqTPqZJOaGccQtvLD,OK,"Confirm whether advance booking is optional, recommended or required."
A6,Camden Passage,AREA,ALWAYS_ACCESSIBLE,NONE,UNKNOWN,,https://www.camdenpassageislington.co.uk/,OK,
M6,The Cartoon Museum,MUSEUM,TIMETABLED,UNKNOWN,UNKNOWN,DESCRIPTION_GENERIC|BOOKING_UNCLEAR|HOURS_UNCLEAR,https://www.cartoonmuseum.org/,OK,"Replace generic copy with a concise place-specific description. Confirm whether advance booking is optional, recommended or required. Confirm opening days and hours from the official source."
M17,Eltham Palace,MUSEUM,TIMETABLED,UNKNOWN,UNKNOWN,BOOKING_UNCLEAR|HOURS_UNCLEAR,https://www.english-heritage.org.uk/visit/places/eltham-palace-and-gardens/,OK,"Confirm whether advance booking is optional, recommended or required. Confirm opening days and hours from the official source."
V5,Caledonian Park Clock Tower,VIEWPOINT,EXTERIOR_ONLY,NONE,UNKNOWN,DESCRIPTION_GENERIC,https://callypark.london/,OK,Replace generic copy with a concise place-specific description.
M1,The Photographers' Gallery,MUSEUM,TIMETABLED,UNKNOWN,UNKNOWN,BOOKING_UNCLEAR|HOURS_UNCLEAR,https://thephotographersgallery.org.uk/,OK,"Confirm whether advance booking is optional, recommended or required. Confirm opening days and hours from the official source."
LA-E562A6D2,Sir John Soane's Museum,MUSEUM,TIMETABLED,UNKNOWN,UNKNOWN,SOURCE_MISSING|BOOKING_UNCLEAR|HOURS_UNCLEAR,,UNCHECKED,"Find an official or authoritative source URL. Confirm whether advance booking is optional, recommended or required. Confirm opening days and hours from the official source."
M18,Museum of the Home,MUSEUM,TIMETABLED,UNKNOWN,UNKNOWN,DESCRIPTION_GENERIC|BOOKING_UNCLEAR|HOURS_UNCLEAR,https://museumofthehome.org.uk/,OK,"Replace generic copy with a concise place-specific description. Confirm whether advance booking is optional, recommended or required. Confirm opening days and hours from the official source."
S11,Poetry Pharmacy,SHOPPING,TIMETABLED,UNKNOWN,UNKNOWN,BOOKING_UNCLEAR|HOURS_UNCLEAR,https://poetrypharmacy.co.uk/,OK,"Confirm whether advance booking is optional, recommended or required. Confirm opening days and hours from the official source."
M16,The Charterhouse,MUSEUM,TIMETABLED,UNKNOWN,UNKNOWN,BOOKING_UNCLEAR|HOURS_UNCLEAR,https://thecharterhouse.org/,OK,"Confirm whether advance booking is optional, recommended or required. Confirm opening days and hours from the official source."
R7,All Hallows by the Tower,RELIGIOUS,TIMETABLED,UNKNOWN,UNKNOWN,OTHER|BOOKING_UNCLEAR|HOURS_UNCLEAR,https://www.ahbtt.org.uk/,BLOCKED,"The source blocks automated checks; verify it manually. Confirm whether advance booking is optional, recommended or required. Confirm opening days and hours from the official source."
R9,Fitzrovia Chapel,RELIGIOUS,TIMETABLED,UNKNOWN,UNKNOWN,DESCRIPTION_GENERIC|BOOKING_UNCLEAR|HOURS_UNCLEAR,https://www.fitzroviachapel.org/,OK,"Replace generic copy with a concise place-specific description. Confirm whether advance booking is optional, recommended or required. Confirm opening days and hours from the official source."
V4,Horniman Gardens,VIEWPOINT,EXTERIOR_ONLY,NONE,UNKNOWN,,https://www.horniman.ac.uk/event/gardens/,OK,
P8,Camley Street Natural Park,PARK,SEASONAL,UNKNOWN,UNKNOWN,BOOKING_UNCLEAR|HOURS_UNCLEAR,https://www.wildlondon.org.uk/nature-reserves/camley-street-natural-park,OK,"Confirm whether advance booking is optional, recommended or required. Confirm opening days and hours from the official source."
M14,Heath Robinson Museum,MUSEUM,TIMETABLED,UNKNOWN,UNKNOWN,OTHER|BOOKING_UNCLEAR|HOURS_UNCLEAR,https://www.heathrobinsonmuseum.org/,BLOCKED,"The source blocks automated checks; verify it manually. Confirm whether advance booking is optional, recommended or required. Confirm opening days and hours from the official source."
M12,Crystal Palace Museum,MUSEUM,TIMETABLED,UNKNOWN,UNKNOWN,LINK_BROKEN|BOOKING_UNCLEAR|HOURS_UNCLEAR,https://www.crystalpalaceparktrust.org/pages/crystal-palace-museum,BROKEN,"The source timed out or failed and needs checking. Confirm whether advance booking is optional, recommended or required. Confirm opening days and hours from the official source."
M3,Two Temple Place,MUSEUM,TIMETABLED,UNKNOWN,UNKNOWN,OTHER|BOOKING_UNCLEAR|HOURS_UNCLEAR,https://twotempleplace.org/,BLOCKED,"The source blocks automated checks; verify it manually. Confirm whether advance booking is optional, recommended or required. Confirm opening days and hours from the official source."
M10,Bentley Priory Museum,MUSEUM,TIMETABLED,UNKNOWN,UNKNOWN,BOOKING_UNCLEAR|HOURS_UNCLEAR,https://bentleypriorymuseum.org.uk/,OK,"Confirm whether advance booking is optional, recommended or required. Confirm opening days and hours from the official source."
M8,Florence Nightingale Museum,MUSEUM,TIMETABLED,UNKNOWN,UNKNOWN,BOOKING_UNCLEAR|HOURS_UNCLEAR,https://www.florence-nightingale.co.uk/,OK,"Confirm whether advance booking is optional, recommended or required. Confirm opening days and hours from the official source."
M13,Petrie Museum of Egyptian Archaeology,MUSEUM,TIMETABLED,UNKNOWN,UNKNOWN,BOOKING_UNCLEAR|HOURS_UNCLEAR,https://www.ucl.ac.uk/museums-collections/petrie-museum-egyptian-and-sudanese-archaeology,REDIRECTED,"Confirm whether advance booking is optional, recommended or required. Confirm opening days and hours from the official source."
M4,Wimbledon Windmill Museum,MUSEUM,TIMETABLED,UNKNOWN,UNKNOWN,OTHER|DESCRIPTION_GENERIC|BOOKING_UNCLEAR|HOURS_UNCLEAR,https://www.wimbledonwindmill.org.uk/,BLOCKED,"The source blocks automated checks; verify it manually. Replace generic copy with a concise place-specific description. Confirm whether advance booking is optional, recommended or required. Confirm opening days and hours from the official source."
M5,Home of Charles Darwin,MUSEUM,TIMETABLED,UNKNOWN,UNKNOWN,BOOKING_UNCLEAR|HOURS_UNCLEAR,https://www.english-heritage.org.uk/visit/places/home-of-charles-darwin-down-house/,OK,"Confirm whether advance booking is optional, recommended or required. Confirm opening days and hours from the official source."
M2,William Morris Gallery,MUSEUM,TIMETABLED,UNKNOWN,UNKNOWN,BOOKING_UNCLEAR|HOURS_UNCLEAR,https://wmgallery.org.uk/,OK,"Confirm whether advance booking is optional, recommended or required. Confirm opening days and hours from the official source."
M9,Battle of Britain Bunker,MUSEUM,TIMETABLED,UNKNOWN,UNKNOWN,BOOKING_UNCLEAR|HOURS_UNCLEAR,https://battleofbritainbunker.co.uk/,OK,"Confirm whether advance booking is optional, recommended or required. Confirm opening days and hours from the official source."
M11,The National Archives,MUSEUM,TIMETABLED,UNKNOWN,UNKNOWN,OTHER|BOOKING_UNCLEAR|HOURS_UNCLEAR,https://www.nationalarchives.gov.uk/,BLOCKED,"The source blocks automated checks; verify it manually. Confirm whether advance booking is optional, recommended or required. Confirm opening days and hours from the official source."
B4,Granada Bingo Hall,BUILDING,CUSTOMER_ONLY,NONE,FREE,,https://www.buzzbingo.com/club/tooting.html,OK,
S1,Hurlingham Books,SHOPPING,TIMETABLED,UNKNOWN,UNKNOWN,BOOKING_UNCLEAR|HOURS_UNCLEAR,https://hurlinghambooks.com/,OK,"Confirm whether advance booking is optional, recommended or required. Confirm opening days and hours from the official source."
S10,Wood Street Indoor Market,SHOPPING,TIMETABLED,UNKNOWN,UNKNOWN,BOOKING_UNCLEAR,https://www.woodstreetindoormarket.co.uk/,OK,"Confirm whether advance booking is optional, recommended or required."
LA-6749E2E6,Wellcome Collection,MUSEUM,TIMETABLED,UNKNOWN,UNKNOWN,SOURCE_MISSING|BOOKING_UNCLEAR|HOURS_UNCLEAR,,UNCHECKED,"Find an official or authoritative source URL. Confirm whether advance booking is optional, recommended or required. Confirm opening days and hours from the official source."
O3,Brown Hart Gardens,ODDITY,EXTERIOR_ONLY,NONE,UNKNOWN,SOURCE_CONFLICT|DESCRIPTION_GENERIC,https://en.wikipedia.org/wiki/Brown_Hart_Gardens,UNCHECKED,"The current or redirected link is editorial or third-party evidence, not an official source. Replace generic copy with a concise place-specific description."
LA-8AE5679E,Annabel's,ODDITY,ALWAYS_ACCESSIBLE,NONE,UNKNOWN,SOURCE_MISSING|DESCRIPTION_GENERIC,,UNCHECKED,Find an official or authoritative source URL. Replace generic copy with a concise place-specific description.
O16,Banksy Basquiat,ODDITY,ALWAYS_ACCESSIBLE,NONE,UNKNOWN,SOURCE_CONFLICT,https://banksyexplained.com/basquiat-murals-2017/,UNCHECKED,"The current or redirected link is editorial or third-party evidence, not an official source."
O12,Clattern Bridge,ODDITY,ALWAYS_ACCESSIBLE,NONE,UNKNOWN,SOURCE_CONFLICT,https://en.wikipedia.org/wiki/Clattern_Bridge,UNCHECKED,"The current or redirected link is editorial or third-party evidence, not an official source."
M15,Museum of the Order of Saint John,MUSEUM,TIMETABLED,UNKNOWN,UNKNOWN,BOOKING_UNCLEAR|HOURS_UNCLEAR,https://museumstjohn.org.uk/,OK,"Confirm whether advance booking is optional, recommended or required. Confirm opening days and hours from the official source."
A1,Eel Pie Island,AREA,ALWAYS_ACCESSIBLE,NONE,UNKNOWN,OTHER,https://www.eelpieislandartists.co.uk/,BLOCKED,The source blocks automated checks; verify it manually.
O1,The Thames Barrier,ODDITY,ALWAYS_ACCESSIBLE,NONE,UNKNOWN,SOURCE_CONFLICT,https://en.wikipedia.org/wiki/Thames_Barrier,UNCHECKED,"The current or redirected link is editorial or third-party evidence, not an official source."
O14,Trinity Buoy Lighthouse,ODDITY,ALWAYS_ACCESSIBLE,NONE,UNKNOWN,,https://www.trinitybuoywharf.com/,OK,
O6,St. Augustine's Tower,ODDITY,EXTERIOR_ONLY,NONE,UNKNOWN,,https://www.staugustinestower.org/,OK,
O15,Crystal Palace Subway,ODDITY,EXTERIOR_ONLY,NONE,UNKNOWN,LINK_BROKEN,https://www.crystalpalaceparktrust.org/pages/crystal-palace-subway,BROKEN,The source timed out or failed and needs checking.
O4,Barbican Conservatory,ODDITY,EXTERIOR_ONLY,NONE,UNKNOWN,DESCRIPTION_GENERIC,https://www.barbican.org.uk/search?search=conservatory,OK,Replace generic copy with a concise place-specific description.
O2,Caesar's Well,ODDITY,EXTERIOR_ONLY,NONE,UNKNOWN,SOURCE_CONFLICT|DESCRIPTION_GENERIC,https://www.thenorthernantiquarian.org/2022/12/16/caesars-well/,UNCHECKED,"The current or redirected link is editorial or third-party evidence, not an official source. Replace generic copy with a concise place-specific description."
O11,Necropolis station,ODDITY,ALWAYS_ACCESSIBLE,NONE,UNKNOWN,SOURCE_CONFLICT,https://en.wikipedia.org/wiki/London_Necropolis_railway_station,UNCHECKED,"The current or redirected link is editorial or third-party evidence, not an official source."
O5,Brixton Windmill,ODDITY,EXTERIOR_ONLY,NONE,UNKNOWN,,https://www.brixtonwindmill.org/,OK,
P6,The Phoenix Garden,PARK,SEASONAL,UNKNOWN,UNKNOWN,DESCRIPTION_GENERIC|BOOKING_UNCLEAR|HOURS_UNCLEAR,https://www.thephoenixgarden.org/,OK,"Replace generic copy with a concise place-specific description. Confirm whether advance booking is optional, recommended or required. Confirm opening days and hours from the official source."
S4,The Junk Shop,SHOPPING,TIMETABLED,UNKNOWN,UNKNOWN,OTHER|BOOKING_UNCLEAR|HOURS_UNCLEAR,https://www.junkshoplondon.co.uk/,BLOCKED,"The source blocks automated checks; verify it manually. Confirm whether advance booking is optional, recommended or required. Confirm opening days and hours from the official source."
P1,Crossbones Garden,PARK,SEASONAL,UNKNOWN,UNKNOWN,OTHER|BOOKING_UNCLEAR|HOURS_UNCLEAR,https://crossbones.org.uk/,BLOCKED,"The source blocks automated checks; verify it manually. Confirm whether advance booking is optional, recommended or required. Confirm opening days and hours from the official source."
O8,Leinster Gardens False Facades,ODDITY,ALWAYS_ACCESSIBLE,NONE,UNKNOWN,SOURCE_CONFLICT|DESCRIPTION_GENERIC,https://en.wikipedia.org/wiki/Leinster_Gardens,UNCHECKED,"The current or redirected link is editorial or third-party evidence, not an official source. Replace generic copy with a concise place-specific description."
P4,Crystal Palace Dinosaurs,PARK,SEASONAL,UNKNOWN,UNKNOWN,LINK_BROKEN|BOOKING_UNCLEAR|HOURS_UNCLEAR,https://www.crystalpalaceparktrust.org/pages/crystal-palace-dinosaurs,BROKEN,"The source timed out or failed and needs checking. Confirm whether advance booking is optional, recommended or required. Confirm opening days and hours from the official source."
O9,God's Own Junkyard,ODDITY,EXTERIOR_ONLY,NONE,UNKNOWN,,https://www.godsownjunkyard.co.uk/,OK,
O7,Fake no.10,ODDITY,ALWAYS_ACCESSIBLE,NONE,UNKNOWN,SOURCE_CONFLICT,https://www.ianvisits.co.uk/articles/the-fake-10-downing-street-door-you-can-pose-in-front-of-38574/,UNCHECKED,"The current or redirected link is editorial or third-party evidence, not an official source."
O13,Three Bridges,ODDITY,ALWAYS_ACCESSIBLE,NONE,UNKNOWN,SOURCE_CONFLICT,https://www.discoveringbritain.org/activities/greater-london/viewpoints/three-bridges.html,UNCHECKED,"The current or redirected link is editorial or third-party evidence, not an official source."
O10,Sewer Lamp,ODDITY,ALWAYS_ACCESSIBLE,NONE,UNKNOWN,SOURCE_CONFLICT,https://www.atlasobscura.com/places/carting-lane-sewer-gas-lamp,UNCHECKED,"The current or redirected link is editorial or third-party evidence, not an official source."
S12,Hoxton Street Monster Supplies,SHOPPING,TIMETABLED,UNKNOWN,UNKNOWN,BOOKING_UNCLEAR|HOURS_UNCLEAR,https://www.monstersupplies.org/,REDIRECTED,"Confirm whether advance booking is optional, recommended or required. Confirm opening days and hours from the official source."
A12,Chislehurst Caves,AREA,EXTERIOR_ONLY,NONE,UNKNOWN,,https://chislehurst-caves.co.uk/,OK,
